-- MySQL dump 10.13  Distrib 5.6.30, for debian-linux-gnu (x86_64)
--
-- Host: localhost    Database: hypertecno
-- ------------------------------------------------------
-- Server version	5.6.30-1

/*!40101 SET @OLD_CHARACTER_SET_CLIENT=@@CHARACTER_SET_CLIENT */;
/*!40101 SET @OLD_CHARACTER_SET_RESULTS=@@CHARACTER_SET_RESULTS */;
/*!40101 SET @OLD_COLLATION_CONNECTION=@@COLLATION_CONNECTION */;
/*!40101 SET NAMES utf8 */;
/*!40103 SET @OLD_TIME_ZONE=@@TIME_ZONE */;
/*!40103 SET TIME_ZONE='+00:00' */;
/*!40014 SET @OLD_UNIQUE_CHECKS=@@UNIQUE_CHECKS, UNIQUE_CHECKS=0 */;
/*!40014 SET @OLD_FOREIGN_KEY_CHECKS=@@FOREIGN_KEY_CHECKS, FOREIGN_KEY_CHECKS=0 */;
/*!40101 SET @OLD_SQL_MODE=@@SQL_MODE, SQL_MODE='NO_AUTO_VALUE_ON_ZERO' */;
/*!40111 SET @OLD_SQL_NOTES=@@SQL_NOTES, SQL_NOTES=0 */;

--
-- Table structure for table `consumo`
--

DROP TABLE IF EXISTS `consumo`;
/*!40101 SET @saved_cs_client     = @@character_set_client */;
/*!40101 SET character_set_client = utf8 */;
CREATE TABLE `consumo` (
  `id` int(10) NOT NULL AUTO_INCREMENT,
  `fecha` date DEFAULT NULL,
  `valor` double(10,5) DEFAULT NULL,
  PRIMARY KEY (`id`)
) ENGINE=InnoDB AUTO_INCREMENT=6 DEFAULT CHARSET=latin1;
/*!40101 SET character_set_client = @saved_cs_client */;

--
-- Dumping data for table `consumo`
--

LOCK TABLES `consumo` WRITE;
/*!40000 ALTER TABLE `consumo` DISABLE KEYS */;
INSERT INTO `consumo` VALUES (1,'2016-11-06',403.00000),(2,'2016-11-06',5.00000),(3,'2016-11-06',1.00000),(4,'2016-11-06',1.00000),(5,'2016-11-06',1.00000);
/*!40000 ALTER TABLE `consumo` ENABLE KEYS */;
UNLOCK TABLES;

--
-- Table structure for table `contenedores`
--

DROP TABLE IF EXISTS `contenedores`;
/*!40101 SET @saved_cs_client     = @@character_set_client */;
/*!40101 SET character_set_client = utf8 */;
CREATE TABLE `contenedores` (
  `id` int(5) NOT NULL AUTO_INCREMENT,
  `rfid` varchar(11) DEFAULT NULL,
  `tipo` varchar(30) DEFAULT NULL,
  `temperatura` double(10,5) DEFAULT NULL,
  `humedad` double(10,5) DEFAULT NULL,
  `estado` int(1) DEFAULT NULL,
  PRIMARY KEY (`id`)
) ENGINE=InnoDB AUTO_INCREMENT=4 DEFAULT CHARSET=latin1;
/*!40101 SET character_set_client = @saved_cs_client */;

--
-- Dumping data for table `contenedores`
--

LOCK TABLES `contenedores` WRITE;
/*!40000 ALTER TABLE `contenedores` DISABLE KEYS */;
INSERT INTO `contenedores` VALUES (1,'85:88:40:28','Fresa',22.50000,60.00000,0),(2,'34:1E:DD:5F','Chile Morron',22.50000,80.00000,0),(3,'23:FA:CB:DE','Tomate',19.00000,70.00000,0);
/*!40000 ALTER TABLE `contenedores` ENABLE KEYS */;
UNLOCK TABLES;

--
-- Table structure for table `dataContenedores`
--

DROP TABLE IF EXISTS `dataContenedores`;
/*!40101 SET @saved_cs_client     = @@character_set_client */;
/*!40101 SET character_set_client = utf8 */;
CREATE TABLE `dataContenedores` (
  `id` int(10) NOT NULL AUTO_INCREMENT,
  `fecha` datetime DEFAULT NULL,
  `temperatura` double(10,5) DEFAULT NULL,
  `humedad` double(10,5) DEFAULT NULL,
  `contenedor` int(5) DEFAULT NULL,
  PRIMARY KEY (`id`),
  KEY `contenedor` (`contenedor`),
  CONSTRAINT `dataContenedores_ibfk_1` FOREIGN KEY (`contenedor`) REFERENCES `contenedores` (`id`)
) ENGINE=InnoDB AUTO_INCREMENT=403 DEFAULT CHARSET=latin1;
/*!40101 SET character_set_client = @saved_cs_client */;

--
-- Dumping data for table `dataContenedores`
--

LOCK TABLES `dataContenedores` WRITE;
/*!40000 ALTER TABLE `dataContenedores` DISABLE KEYS */;
INSERT INTO `dataContenedores` VALUES (1,'2016-11-05 21:20:39',21.00000,62.00000,1),(2,'2016-11-05 21:20:42',21.00000,62.00000,1),(3,'2016-11-05 21:21:16',23.00000,65.00000,1),(4,'2016-11-05 21:22:28',25.00000,80.00000,2),(5,'2016-11-05 21:22:56',25.50000,72.00000,2),(6,'2016-11-05 21:23:17',22.00000,85.00000,2),(7,'2016-11-05 22:15:59',22.00000,85.00000,3),(8,'2016-11-05 22:22:39',23.00000,75.00000,3),(9,'2016-11-06 00:28:44',23.00000,60.00000,2),(10,'2016-11-06 00:29:00',25.00000,62.00000,2),(11,'2016-11-06 00:29:11',26.00000,68.00000,2),(12,'2016-11-06 08:01:26',45.00000,65.00000,3),(13,'2016-11-06 08:28:04',33.00000,44.00000,1),(14,'2016-11-06 08:28:14',33.00000,44.00000,1),(15,'2016-11-06 08:28:53',33.00000,44.00000,1),(16,'2016-11-06 08:29:34',33.00000,44.00000,1),(17,'2016-11-06 08:29:42',33.00000,44.00000,1),(18,'2016-11-06 08:33:10',45.00000,65.00000,3),(19,'2016-11-06 08:35:14',45.00000,65.00000,3),(20,'2016-11-06 08:36:08',45.00000,65.00000,1),(21,'2016-11-06 08:37:35',23.00000,60.00000,2),(22,'2016-11-06 08:37:51',23.00000,60.00000,1),(23,'2016-11-06 08:39:30',45.00000,65.00000,1),(24,'2016-11-06 08:39:43',43.00000,65.00000,1),(25,'2016-11-06 08:39:53',40.00000,65.00000,1),(26,'2016-11-06 08:39:59',40.00000,65.00000,1),(27,'2016-11-06 08:40:53',35.00000,44.00000,NULL),(28,'2016-11-06 08:40:54',35.00000,44.00000,NULL),(29,'2016-11-06 08:40:55',35.00000,44.00000,NULL),(30,'2016-11-06 08:40:56',35.00000,44.00000,NULL),(31,'2016-11-06 08:40:57',35.00000,44.00000,NULL),(32,'2016-11-06 08:40:58',35.00000,44.00000,NULL),(33,'2016-11-06 08:40:59',35.00000,44.00000,NULL),(34,'2016-11-06 08:41:00',35.00000,44.00000,NULL),(35,'2016-11-06 08:41:01',35.00000,44.00000,NULL),(36,'2016-11-06 08:41:02',35.00000,44.00000,NULL),(37,'2016-11-06 08:41:03',35.00000,44.00000,NULL),(38,'2016-11-06 08:41:04',35.00000,44.00000,NULL),(39,'2016-11-06 08:41:05',35.00000,44.00000,NULL),(40,'2016-11-06 08:41:11',35.00000,44.00000,NULL),(41,'2016-11-06 08:41:12',35.00000,44.00000,NULL),(42,'2016-11-06 08:41:13',35.00000,44.00000,NULL),(43,'2016-11-06 08:41:14',35.00000,44.00000,NULL),(44,'2016-11-06 08:41:15',35.00000,44.00000,NULL),(45,'2016-11-06 08:41:16',35.00000,44.00000,NULL),(46,'2016-11-06 08:41:17',35.00000,44.00000,NULL),(47,'2016-11-06 08:41:18',35.00000,44.00000,NULL),(48,'2016-11-06 08:41:19',35.00000,44.00000,NULL),(49,'2016-11-06 08:41:20',35.00000,44.00000,NULL),(50,'2016-11-06 08:41:21',35.00000,44.00000,NULL),(51,'2016-11-06 08:41:22',35.00000,44.00000,NULL),(52,'2016-11-06 08:41:23',35.00000,44.00000,NULL),(53,'2016-11-06 08:41:24',35.00000,44.00000,NULL),(54,'2016-11-06 08:41:25',35.00000,44.00000,NULL),(55,'2016-11-06 08:41:26',35.00000,44.00000,NULL),(56,'2016-11-06 08:41:27',35.00000,44.00000,NULL),(57,'2016-11-06 08:41:28',35.00000,44.00000,NULL),(58,'2016-11-06 08:41:29',35.00000,44.00000,NULL),(59,'2016-11-06 08:41:30',35.00000,44.00000,NULL),(60,'2016-11-06 08:41:31',35.00000,44.00000,NULL),(61,'2016-11-06 08:41:32',35.00000,44.00000,NULL),(62,'2016-11-06 08:41:33',35.00000,44.00000,NULL),(63,'2016-11-06 08:41:34',35.00000,44.00000,NULL),(64,'2016-11-06 08:41:35',35.00000,44.00000,NULL),(65,'2016-11-06 08:41:36',35.00000,44.00000,NULL),(66,'2016-11-06 08:41:37',35.00000,44.00000,NULL),(67,'2016-11-06 08:41:38',35.00000,44.00000,NULL),(68,'2016-11-06 08:41:39',35.00000,44.00000,NULL),(69,'2016-11-06 08:41:40',35.00000,44.00000,NULL),(70,'2016-11-06 08:41:41',35.00000,44.00000,NULL),(71,'2016-11-06 08:41:42',35.00000,44.00000,NULL),(72,'2016-11-06 08:41:43',35.00000,44.00000,NULL),(73,'2016-11-06 08:41:44',35.00000,44.00000,NULL),(74,'2016-11-06 08:41:45',35.00000,44.00000,NULL),(75,'2016-11-06 08:41:46',35.00000,44.00000,NULL),(76,'2016-11-06 08:41:47',35.00000,44.00000,NULL),(77,'2016-11-06 08:41:48',35.00000,44.00000,NULL),(78,'2016-11-06 08:41:49',35.00000,44.00000,NULL),(79,'2016-11-06 08:41:50',35.00000,44.00000,NULL),(80,'2016-11-06 08:41:51',35.00000,44.00000,NULL),(81,'2016-11-06 08:41:52',35.00000,44.00000,NULL),(82,'2016-11-06 08:41:53',35.00000,44.00000,NULL),(83,'2016-11-06 08:41:54',35.00000,44.00000,NULL),(84,'2016-11-06 08:41:55',35.00000,44.00000,NULL),(85,'2016-11-06 08:41:57',35.00000,44.00000,NULL),(86,'2016-11-06 08:41:58',35.00000,44.00000,NULL),(87,'2016-11-06 08:41:59',35.00000,44.00000,NULL),(88,'2016-11-06 08:42:00',35.00000,44.00000,NULL),(89,'2016-11-06 08:42:01',35.00000,44.00000,NULL),(90,'2016-11-06 08:42:02',35.00000,44.00000,NULL),(91,'2016-11-06 08:42:03',35.00000,44.00000,NULL),(92,'2016-11-06 08:42:04',35.00000,44.00000,NULL),(93,'2016-11-06 08:42:05',35.00000,44.00000,NULL),(94,'2016-11-06 08:42:06',35.00000,44.00000,NULL),(95,'2016-11-06 08:42:07',35.00000,44.00000,NULL),(96,'2016-11-06 08:42:08',35.00000,44.00000,NULL),(97,'2016-11-06 08:42:09',35.00000,44.00000,NULL),(98,'2016-11-06 08:42:10',35.00000,44.00000,NULL),(99,'2016-11-06 08:42:11',35.00000,44.00000,NULL),(100,'2016-11-06 08:42:12',35.00000,44.00000,NULL),(101,'2016-11-06 08:42:13',35.00000,44.00000,NULL),(102,'2016-11-06 08:42:14',35.00000,44.00000,NULL),(103,'2016-11-06 08:42:15',35.00000,44.00000,NULL),(104,'2016-11-06 08:42:16',35.00000,44.00000,NULL),(105,'2016-11-06 08:42:17',35.00000,44.00000,NULL),(106,'2016-11-06 08:42:18',35.00000,44.00000,NULL),(107,'2016-11-06 08:42:19',35.00000,44.00000,NULL),(108,'2016-11-06 08:42:20',35.00000,44.00000,NULL),(109,'2016-11-06 08:42:21',35.00000,44.00000,NULL),(110,'2016-11-06 08:42:22',35.00000,44.00000,NULL),(111,'2016-11-06 08:42:23',35.00000,44.00000,NULL),(112,'2016-11-06 08:42:24',35.00000,44.00000,NULL),(113,'2016-11-06 08:42:25',35.00000,44.00000,NULL),(114,'2016-11-06 08:42:26',35.00000,44.00000,NULL),(115,'2016-11-06 08:42:39',35.00000,44.00000,NULL),(116,'2016-11-06 08:42:42',35.00000,44.00000,NULL),(117,'2016-11-06 08:42:45',35.00000,44.00000,NULL),(118,'2016-11-06 08:42:48',35.00000,44.00000,NULL),(119,'2016-11-06 08:42:51',35.00000,44.00000,NULL),(120,'2016-11-06 08:42:54',35.00000,44.00000,NULL),(121,'2016-11-06 08:42:57',35.00000,44.00000,NULL),(122,'2016-11-06 08:43:00',35.00000,44.00000,NULL),(123,'2016-11-06 08:43:03',35.00000,44.00000,NULL),(124,'2016-11-06 08:43:06',35.00000,44.00000,NULL),(125,'2016-11-06 08:43:09',35.00000,44.00000,NULL),(126,'2016-11-06 08:43:12',35.00000,44.00000,NULL),(127,'2016-11-06 08:43:15',35.00000,44.00000,NULL),(128,'2016-11-06 08:43:18',35.00000,44.00000,NULL),(129,'2016-11-06 08:43:21',35.00000,44.00000,NULL),(130,'2016-11-06 08:43:24',35.00000,44.00000,NULL),(131,'2016-11-06 08:43:27',35.00000,44.00000,NULL),(132,'2016-11-06 08:43:36',40.00000,65.00000,1),(133,'2016-11-06 08:43:42',40.00000,65.00000,1),(134,'2016-11-06 08:43:45',40.00000,65.00000,1),(135,'2016-11-06 08:43:48',40.00000,65.00000,1),(136,'2016-11-06 08:43:51',40.00000,65.00000,1),(137,'2016-11-06 08:43:54',40.00000,65.00000,1),(138,'2016-11-06 08:43:57',40.00000,65.00000,1),(139,'2016-11-06 08:44:00',40.00000,65.00000,1),(140,'2016-11-06 08:44:03',40.00000,65.00000,1),(141,'2016-11-06 08:44:06',40.00000,65.00000,1),(142,'2016-11-06 08:44:09',40.00000,65.00000,1),(143,'2016-11-06 08:44:12',40.00000,65.00000,1),(144,'2016-11-06 08:44:15',40.00000,65.00000,1),(145,'2016-11-06 08:44:18',40.00000,65.00000,1),(146,'2016-11-06 08:44:21',40.00000,65.00000,1),(147,'2016-11-06 08:44:24',40.00000,65.00000,1),(148,'2016-11-06 08:44:27',40.00000,65.00000,1),(149,'2016-11-06 08:44:30',40.00000,65.00000,1),(150,'2016-11-06 08:44:33',40.00000,65.00000,1),(151,'2016-11-06 08:44:36',40.00000,65.00000,1),(152,'2016-11-06 08:44:39',40.00000,65.00000,1),(153,'2016-11-06 08:44:42',40.00000,65.00000,1),(154,'2016-11-06 08:44:45',40.00000,65.00000,1),(155,'2016-11-06 08:44:48',40.00000,65.00000,1),(156,'2016-11-06 08:44:52',40.00000,65.00000,1),(157,'2016-11-06 08:44:55',40.00000,65.00000,1),(158,'2016-11-06 08:44:58',40.00000,65.00000,1),(159,'2016-11-06 08:45:01',40.00000,65.00000,1),(160,'2016-11-06 08:45:04',40.00000,65.00000,1),(161,'2016-11-06 08:45:07',40.00000,65.00000,1),(162,'2016-11-06 08:45:10',40.00000,65.00000,1),(163,'2016-11-06 08:45:13',40.00000,65.00000,1),(164,'2016-11-06 08:45:16',40.00000,65.00000,1),(165,'2016-11-06 08:45:19',40.00000,65.00000,1),(166,'2016-11-06 08:45:22',40.00000,65.00000,1),(167,'2016-11-06 08:45:25',40.00000,65.00000,1),(168,'2016-11-06 08:45:28',40.00000,65.00000,1),(169,'2016-11-06 08:45:31',40.00000,65.00000,1),(170,'2016-11-06 08:45:34',40.00000,65.00000,1),(171,'2016-11-06 08:45:37',40.00000,65.00000,1),(172,'2016-11-06 08:45:40',40.00000,65.00000,1),(173,'2016-11-06 08:45:43',40.00000,65.00000,1),(174,'2016-11-06 08:45:46',40.00000,65.00000,1),(175,'2016-11-06 08:45:49',40.00000,65.00000,1),(176,'2016-11-06 08:45:52',40.00000,65.00000,1),(177,'2016-11-06 08:45:55',40.00000,65.00000,1),(178,'2016-11-06 08:45:58',40.00000,65.00000,1),(179,'2016-11-06 08:46:01',40.00000,65.00000,1),(180,'2016-11-06 08:46:04',40.00000,65.00000,1),(181,'2016-11-06 08:46:07',40.00000,65.00000,1),(182,'2016-11-06 08:46:10',40.00000,65.00000,1),(183,'2016-11-06 08:46:13',40.00000,65.00000,1),(184,'2016-11-06 08:46:16',40.00000,65.00000,1),(185,'2016-11-06 08:46:19',40.00000,65.00000,1),(186,'2016-11-06 08:46:22',40.00000,65.00000,1),(187,'2016-11-06 08:46:25',40.00000,65.00000,1),(188,'2016-11-06 08:46:28',40.00000,65.00000,1),(189,'2016-11-06 08:46:31',40.00000,65.00000,1),(190,'2016-11-06 08:46:34',40.00000,65.00000,1),(191,'2016-11-06 08:46:37',40.00000,65.00000,1),(192,'2016-11-06 08:46:40',40.00000,65.00000,1),(193,'2016-11-06 08:46:43',40.00000,65.00000,1),(194,'2016-11-06 08:46:46',40.00000,65.00000,1),(195,'2016-11-06 08:46:49',40.00000,65.00000,1),(196,'2016-11-06 08:46:52',40.00000,65.00000,1),(197,'2016-11-06 08:46:55',40.00000,65.00000,1),(198,'2016-11-06 08:46:58',40.00000,65.00000,1),(199,'2016-11-06 08:47:01',40.00000,65.00000,1),(200,'2016-11-06 08:47:04',40.00000,65.00000,1),(201,'2016-11-06 08:47:07',40.00000,65.00000,1),(202,'2016-11-06 08:47:10',40.00000,65.00000,1),(203,'2016-11-06 08:47:13',40.00000,65.00000,1),(204,'2016-11-06 08:47:16',40.00000,65.00000,1),(205,'2016-11-06 08:47:19',40.00000,65.00000,1),(206,'2016-11-06 08:47:22',40.00000,65.00000,1),(207,'2016-11-06 08:47:25',40.00000,65.00000,1),(208,'2016-11-06 08:47:28',40.00000,65.00000,1),(209,'2016-11-06 08:47:31',40.00000,65.00000,1),(210,'2016-11-06 08:47:34',40.00000,65.00000,1),(211,'2016-11-06 08:47:37',40.00000,65.00000,1),(212,'2016-11-06 08:47:40',40.00000,65.00000,1),(213,'2016-11-06 08:47:43',40.00000,65.00000,1),(214,'2016-11-06 08:47:46',40.00000,65.00000,1),(215,'2016-11-06 08:47:49',40.00000,65.00000,1),(216,'2016-11-06 08:47:52',40.00000,65.00000,1),(217,'2016-11-06 08:47:55',40.00000,65.00000,1),(218,'2016-11-06 08:47:58',40.00000,65.00000,1),(219,'2016-11-06 08:48:01',40.00000,65.00000,1),(220,'2016-11-06 08:48:04',40.00000,65.00000,1),(221,'2016-11-06 08:48:07',40.00000,65.00000,1),(222,'2016-11-06 08:48:10',40.00000,65.00000,1),(223,'2016-11-06 08:48:13',40.00000,65.00000,1),(224,'2016-11-06 08:48:16',40.00000,65.00000,1),(225,'2016-11-06 08:48:19',40.00000,65.00000,1),(226,'2016-11-06 08:48:22',40.00000,65.00000,1),(227,'2016-11-06 08:48:25',40.00000,65.00000,1),(228,'2016-11-06 08:48:28',40.00000,65.00000,1),(229,'2016-11-06 08:48:42',99.00000,99.00000,NULL),(230,'2016-11-06 08:48:47',99.00000,99.00000,NULL),(231,'2016-11-06 08:48:52',99.00000,99.00000,NULL),(232,'2016-11-06 08:48:57',99.00000,99.00000,NULL),(233,'2016-11-06 08:49:02',99.00000,99.00000,NULL),(234,'2016-11-06 08:49:07',99.00000,99.00000,NULL),(235,'2016-11-06 08:49:12',99.00000,99.00000,NULL),(236,'2016-11-06 08:49:17',99.00000,99.00000,NULL),(237,'2016-11-06 08:53:16',99.00000,99.00000,1),(238,'2016-11-06 08:53:21',99.00000,99.00000,1),(239,'2016-11-06 08:53:26',99.00000,99.00000,1),(240,'2016-11-06 08:53:31',99.00000,99.00000,1),(241,'2016-11-06 08:53:36',99.00000,99.00000,1),(242,'2016-11-06 08:53:41',99.00000,99.00000,1),(243,'2016-11-06 08:53:46',99.00000,99.00000,1),(244,'2016-11-06 08:53:51',99.00000,99.00000,1),(245,'2016-11-06 08:53:56',99.00000,99.00000,1),(246,'2016-11-06 08:54:01',99.00000,99.00000,1),(247,'2016-11-06 08:54:06',99.00000,99.00000,1),(248,'2016-11-06 08:54:11',99.00000,99.00000,1),(249,'2016-11-06 08:54:16',99.00000,99.00000,1),(250,'2016-11-06 08:54:21',99.00000,99.00000,1),(251,'2016-11-06 08:54:26',99.00000,99.00000,1),(252,'2016-11-06 08:54:31',99.00000,99.00000,1),(253,'2016-11-06 08:54:36',99.00000,99.00000,1),(254,'2016-11-06 08:54:41',99.00000,99.00000,1),(255,'2016-11-06 08:54:46',99.00000,99.00000,1),(256,'2016-11-06 08:54:51',99.00000,99.00000,1),(257,'2016-11-06 08:54:56',99.00000,99.00000,1),(258,'2016-11-06 08:55:01',99.00000,99.00000,1),(259,'2016-11-06 08:55:06',99.00000,99.00000,1),(260,'2016-11-06 08:55:11',99.00000,99.00000,1),(261,'2016-11-06 08:55:16',99.00000,99.00000,1),(262,'2016-11-06 08:55:21',99.00000,99.00000,1),(263,'2016-11-06 08:55:26',99.00000,99.00000,1),(264,'2016-11-06 08:55:31',99.00000,99.00000,1),(265,'2016-11-06 08:55:36',99.00000,99.00000,1),(266,'2016-11-06 08:55:41',99.00000,99.00000,1),(267,'2016-11-06 08:55:46',99.00000,99.00000,1),(268,'2016-11-06 08:55:51',99.00000,99.00000,1),(269,'2016-11-06 08:55:56',99.00000,99.00000,1),(270,'2016-11-06 08:56:01',99.00000,99.00000,1),(271,'2016-11-06 08:56:06',99.00000,99.00000,1),(272,'2016-11-06 08:56:11',99.00000,99.00000,1),(273,'2016-11-06 08:56:16',99.00000,99.00000,1),(274,'2016-11-06 08:56:21',99.00000,99.00000,1),(275,'2016-11-06 08:56:26',99.00000,99.00000,1),(276,'2016-11-06 08:56:31',99.00000,99.00000,1),(277,'2016-11-06 08:56:36',99.00000,99.00000,1),(278,'2016-11-06 08:56:41',99.00000,99.00000,1),(279,'2016-11-06 08:56:47',99.00000,99.00000,1),(280,'2016-11-06 08:56:52',99.00000,99.00000,1),(281,'2016-11-06 08:56:57',99.00000,99.00000,1),(282,'2016-11-06 08:57:02',99.00000,99.00000,1),(283,'2016-11-06 08:57:07',99.00000,99.00000,1),(284,'2016-11-06 08:57:12',99.00000,99.00000,1),(285,'2016-11-06 08:57:17',99.00000,99.00000,1),(286,'2016-11-06 08:57:22',99.00000,99.00000,1),(287,'2016-11-06 08:57:27',99.00000,99.00000,1),(288,'2016-11-06 08:57:32',99.00000,99.00000,1),(289,'2016-11-06 08:57:37',99.00000,99.00000,1),(290,'2016-11-06 08:57:42',99.00000,99.00000,1),(291,'2016-11-06 08:57:47',99.00000,99.00000,1),(292,'2016-11-06 08:57:52',99.00000,99.00000,1),(293,'2016-11-06 08:57:57',99.00000,99.00000,1),(294,'2016-11-06 08:58:02',99.00000,99.00000,1),(295,'2016-11-06 08:58:07',99.00000,99.00000,1),(296,'2016-11-06 08:58:12',99.00000,99.00000,1),(297,'2016-11-06 08:58:17',99.00000,99.00000,1),(298,'2016-11-06 08:58:22',99.00000,99.00000,1),(299,'2016-11-06 08:58:27',99.00000,99.00000,1),(300,'2016-11-06 08:58:32',99.00000,99.00000,1),(301,'2016-11-06 08:58:37',99.00000,99.00000,1),(302,'2016-11-06 08:58:42',99.00000,99.00000,1),(303,'2016-11-06 08:58:47',99.00000,99.00000,1),(304,'2016-11-06 08:58:52',99.00000,99.00000,1),(305,'2016-11-06 08:58:57',99.00000,99.00000,1),(306,'2016-11-06 08:59:02',99.00000,99.00000,1),(307,'2016-11-06 08:59:07',99.00000,99.00000,1),(308,'2016-11-06 08:59:12',99.00000,99.00000,1),(309,'2016-11-06 08:59:17',99.00000,99.00000,1),(310,'2016-11-06 08:59:22',99.00000,99.00000,1),(311,'2016-11-06 08:59:27',99.00000,99.00000,1),(312,'2016-11-06 08:59:32',99.00000,99.00000,1),(313,'2016-11-06 08:59:37',99.00000,99.00000,1),(314,'2016-11-06 08:59:42',99.00000,99.00000,1),(315,'2016-11-06 08:59:47',99.00000,99.00000,1),(316,'2016-11-06 08:59:52',99.00000,99.00000,1),(317,'2016-11-06 08:59:57',99.00000,99.00000,1),(318,'2016-11-06 09:00:02',99.00000,99.00000,1),(319,'2016-11-06 09:00:07',99.00000,99.00000,1),(320,'2016-11-06 09:00:12',99.00000,99.00000,1),(321,'2016-11-06 09:00:17',99.00000,99.00000,1),(322,'2016-11-06 09:00:22',99.00000,99.00000,1),(323,'2016-11-06 09:00:27',99.00000,99.00000,1),(324,'2016-11-06 09:00:32',99.00000,99.00000,1),(325,'2016-11-06 09:00:37',99.00000,99.00000,1),(326,'2016-11-06 09:00:42',99.00000,99.00000,1),(327,'2016-11-06 09:00:47',99.00000,99.00000,1),(328,'2016-11-06 09:00:52',99.00000,99.00000,1),(329,'2016-11-06 09:00:57',99.00000,99.00000,1),(330,'2016-11-06 09:01:02',99.00000,99.00000,1),(331,'2016-11-06 09:01:13',19.00000,99.00000,1),(332,'2016-11-06 09:01:18',19.00000,99.00000,1),(333,'2016-11-06 10:14:08',25.00000,26.00000,2),(334,'2016-11-06 10:14:18',25.00000,26.00000,2),(335,'2016-11-06 10:14:28',25.00000,26.00000,2),(336,'2016-11-06 10:14:38',25.00000,26.00000,2),(337,'2016-11-06 10:14:48',25.00000,26.00000,3),(338,'2016-11-06 10:14:58',25.00000,26.00000,3),(339,'2016-11-06 10:15:08',25.00000,26.00000,3),(340,'2016-11-06 10:15:18',25.00000,26.00000,1),(341,'2016-11-06 10:15:28',25.00000,26.00000,1),(342,'2016-11-06 10:15:39',25.00000,26.00000,1),(343,'2016-11-06 10:15:49',25.00000,26.00000,1),(344,'2016-11-06 10:15:59',25.00000,26.00000,1),(345,'2016-11-06 10:16:09',25.00000,27.00000,1),(346,'2016-11-06 10:16:19',25.00000,27.00000,1),(347,'2016-11-06 10:16:29',25.00000,27.00000,1),(348,'2016-11-06 10:16:39',25.00000,27.00000,1),(349,'2016-11-06 10:16:49',25.00000,27.00000,1),(350,'2016-11-06 10:17:00',25.00000,27.00000,1),(351,'2016-11-06 10:17:10',25.00000,27.00000,1),(352,'2016-11-06 10:17:20',25.00000,27.00000,1),(353,'2016-11-06 10:17:30',25.00000,26.00000,1),(354,'2016-11-06 10:17:40',25.00000,26.00000,1),(355,'2016-11-06 10:17:50',25.00000,26.00000,1),(356,'2016-11-06 10:18:00',25.00000,26.00000,1),(357,'2016-11-06 10:18:10',25.00000,26.00000,1),(358,'2016-11-06 10:18:20',25.00000,26.00000,1),(359,'2016-11-06 10:18:30',25.00000,26.00000,1),(360,'2016-11-06 10:18:40',25.00000,27.00000,1),(361,'2016-11-06 10:18:51',25.00000,27.00000,1),(362,'2016-11-06 10:19:01',25.00000,27.00000,2),(363,'2016-11-06 10:19:11',25.00000,27.00000,2),(364,'2016-11-06 10:19:21',25.00000,27.00000,2),(365,'2016-11-06 10:19:31',25.00000,27.00000,1),(366,'2016-11-06 10:19:41',25.00000,27.00000,1),(367,'2016-11-06 10:19:51',25.00000,27.00000,1),(368,'2016-11-06 10:20:01',26.00000,99.00000,1),(369,'2016-11-06 10:20:11',25.00000,37.00000,1),(370,'2016-11-06 10:20:21',25.00000,28.00000,1),(371,'2016-11-06 10:20:31',25.00000,27.00000,1),(372,'2016-11-06 10:20:42',25.00000,27.00000,1),(373,'2016-11-06 10:20:52',25.00000,27.00000,1),(374,'2016-11-06 10:21:02',25.00000,27.00000,1),(375,'2016-11-06 10:21:12',25.00000,27.00000,1),(376,'2016-11-06 10:21:22',25.00000,27.00000,1),(377,'2016-11-06 10:21:32',25.00000,27.00000,1),(378,'2016-11-06 10:21:42',25.00000,27.00000,1),(379,'2016-11-06 10:21:52',25.00000,27.00000,1),(380,'2016-11-06 10:22:03',25.00000,27.00000,1),(381,'2016-11-06 10:22:13',25.00000,27.00000,1),(382,'2016-11-06 10:22:23',25.00000,27.00000,1),(383,'2016-11-06 10:22:33',25.00000,27.00000,1),(384,'2016-11-06 10:22:43',25.00000,27.00000,1),(385,'2016-11-06 10:22:53',25.00000,27.00000,1),(386,'2016-11-06 10:23:03',25.00000,27.00000,1),(387,'2016-11-06 10:23:13',25.00000,27.00000,1),(388,'2016-11-06 10:23:23',25.00000,27.00000,1),(389,'2016-11-06 10:23:33',25.00000,27.00000,1),(390,'2016-11-06 10:23:43',25.00000,27.00000,1),(391,'2016-11-06 10:23:54',25.00000,27.00000,1),(392,'2016-11-06 10:24:04',25.00000,27.00000,1),(393,'2016-11-06 10:24:14',25.00000,27.00000,1),(394,'2016-11-06 10:24:24',25.00000,27.00000,1),(395,'2016-11-06 10:24:34',25.00000,27.00000,1),(396,'2016-11-06 10:24:44',25.00000,27.00000,1),(397,'2016-11-06 10:24:54',25.00000,27.00000,1),(398,'2016-11-06 10:25:04',25.00000,27.00000,1),(399,'2016-11-06 10:25:15',25.00000,27.00000,1),(400,'2016-11-06 10:25:25',25.00000,27.00000,1),(401,'2016-11-06 10:25:35',25.00000,27.00000,1),(402,'2016-11-06 10:25:45',25.00000,27.00000,1);
/*!40000 ALTER TABLE `dataContenedores` ENABLE KEYS */;
UNLOCK TABLES;

--
-- Table structure for table `usuarios`
--

DROP TABLE IF EXISTS `usuarios`;
/*!40101 SET @saved_cs_client     = @@character_set_client */;
/*!40101 SET character_set_client = utf8 */;
CREATE TABLE `usuarios` (
  `id` int(9) NOT NULL AUTO_INCREMENT,
  `nombres` varchar(50) DEFAULT NULL,
  `apPaterno` varchar(30) DEFAULT NULL,
  `apMaterno` varchar(30) DEFAULT NULL,
  `username` varchar(30) DEFAULT NULL,
  `contrasenia` varchar(50) DEFAULT NULL,
  `nivel` int(1) DEFAULT NULL,
  `email` varchar(50) DEFAULT NULL,
  PRIMARY KEY (`id`)
) ENGINE=InnoDB AUTO_INCREMENT=2 DEFAULT CHARSET=latin1;
/*!40101 SET character_set_client = @saved_cs_client */;

--
-- Dumping data for table `usuarios`
--

LOCK TABLES `usuarios` WRITE;
/*!40000 ALTER TABLE `usuarios` DISABLE KEYS */;
INSERT INTO `usuarios` VALUES (1,'Hector Manuel','Olivas','Prieto','holivas','12345',10,'holivas24@gmail.com');
/*!40000 ALTER TABLE `usuarios` ENABLE KEYS */;
UNLOCK TABLES;

--
-- Table structure for table `ventilacion`
--

DROP TABLE IF EXISTS `ventilacion`;
/*!40101 SET @saved_cs_client     = @@character_set_client */;
/*!40101 SET character_set_client = utf8 */;
CREATE TABLE `ventilacion` (
  `id` int(4) NOT NULL AUTO_INCREMENT,
  `ventilador` int(2) DEFAULT NULL,
  `ventana` int(1) DEFAULT NULL,
  PRIMARY KEY (`id`)
) ENGINE=InnoDB AUTO_INCREMENT=2 DEFAULT CHARSET=latin1;
/*!40101 SET character_set_client = @saved_cs_client */;

--
-- Dumping data for table `ventilacion`
--

LOCK TABLES `ventilacion` WRITE;
/*!40000 ALTER TABLE `ventilacion` DISABLE KEYS */;
INSERT INTO `ventilacion` VALUES (1,40,1);
/*!40000 ALTER TABLE `ventilacion` ENABLE KEYS */;
UNLOCK TABLES;
/*!40103 SET TIME_ZONE=@OLD_TIME_ZONE */;

/*!40101 SET SQL_MODE=@OLD_SQL_MODE */;
/*!40014 SET FOREIGN_KEY_CHECKS=@OLD_FOREIGN_KEY_CHECKS */;
/*!40014 SET UNIQUE_CHECKS=@OLD_UNIQUE_CHECKS */;
/*!40101 SET CHARACTER_SET_CLIENT=@OLD_CHARACTER_SET_CLIENT */;
/*!40101 SET CHARACTER_SET_RESULTS=@OLD_CHARACTER_SET_RESULTS */;
/*!40101 SET COLLATION_CONNECTION=@OLD_COLLATION_CONNECTION */;
/*!40111 SET SQL_NOTES=@OLD_SQL_NOTES */;

-- Dump completed on 2016-11-06 10:25:53
